text,label
"Roque, ipina-cite in contempt dahil hindi isinumite ang SALN at iba pang dokumento sa House QuadCom",
"Sa kulungan ang bagsak ng isang AWOL na pulis matapos umanong magpaputok ng baril sa isang parking lot sa Ermita, Maynila.",
Nakapagtala ang Bulkang Kanlaon sa Negros ng limang volcanic earthquake sa nakalipas na 24 oras na pagsubaybay sa bulkan.,
Giit ni VP Sara Duterte: Alam ng taumbayan na hindi ako ‘bratinella’,
"Suspek sa pamamaril ng magkapatid na impormante ng pulisya, arestado sa Bulacan",
Nakapagtala ng 13 volcanic earthquakes ang Bulkang Kanlaon sa Negros Island simula Sabado ng gabi.,
,
Asahan na ang ­paglutang ng iba pang biktima ni Kingdom of Jesus Christ (KOJC) leader Pastor Apollo Quiboloy.,
LOCKED down na ang center position ng Los Angeles Clippers sa mga susunod na season.,
"Kasama sa pag-usbong ng mga bagong gadgets at smartphones ang madalas na paggamit ng earphones. Ngunit ayon sa isang duktor, may masamang epekto sa tainga ang matagal ng paggamit ng earphones.",
"Bagyong Enteng tumama sa Quirino Province, Signal No. 2 nabawasan",
NAGPAHAYAG ng pasasalamat si Vice President Sara Duterte sa mga nagpaabot ng kanilang pagnanais na mag-donate para sa budget ng Office of the Vice President.,
‘Single confinement policy’ ng PhilHealth tsugi na ngayong Setyembre,
"Nagbabala ang Philippine Institute of Volcanology and Seismology (Phivolcs) tungkol sa patuloy na paglala ng aktibidad ng bulkang Kanlaon sa Negros Occidental dahil sa patuloy na pagbubuga nito ng sulfur dioxide noong Martes, Setyembre 10, 2024.",
"Aso na maysakit na tumabi sa kaniyang fur mom, nagpapaalam na pala",
"4.8-magnitude na lindol, yumanig sa Davao Occidental",
"3 lalaki, huli sa pambubugbog umano ng 2 lalaki sa Makati",
"Matapos ang limang buwang pananatili sa Escoda Shoal sa West Philippine Sea (WPS), kinumpirma ng Philippine Coast Guard (PCG) na nakabalik na sa Palawan ang kanilang barkong BRP Teresa Magbanua, lulan ang 60 personnel nito.",
"Bukod sa banta ng Kanlaon, 17 barangay sa Negros Occidental binaha dahil sa habagat",
1.5K birth registration naharang ng PSA,
"San Juan City vet sinuspinde, kinasuhan sa ‘kapabayaan’ sa city pound",
"Magandang araw muli, mga kababayan kong Bicolano! Bilang chairman ng House Committee on Appropriations, tungkulin kong busisiin ang budget ng bawat ahensiya ng gobyerno.",
"Quiboloy, ‘nilaglag’ ng KOJC members – PNP",
Maynila wish magkaroon ng ‘Carlos Yulo Day’ tuwing August 4,
"Mga suspendidong klase sa Lunes, September 16, 2024",
KALAT na ngayon sa social media ang video ni Sen. Jinggoy Estrada kung saan makikita na tila nakikipagtalo ito sa isang babae.,
"Dahil mainit at maulan ang panahon sa Pilipinas, hindi maiiwasan na magkaroon ng amoy ang helmet. Kaya ang ibang customer ng mga motorcycle taxi, nagrereklamo. Pero no worries na dahil sa vendo machine na kaya raw maglinis ng helmet in just eight minutes. Pasado naman kaya ito sa mga rider? Alamin.",
"Isang basurera noon na laki sa hirap sa Las Piñas, at dumaan sa maraming pagsubok sa buhay, ang nahanap ang matagumpay at naging milyonarya sa Dubai, United Arab Emirates dahil sa pagsisikap.",
"FL Liza, may mensahe sa birthday ni PBBM ngayong Friday the 13th",
"Maaaring bumagal ang pagtaas ng inflation nitong Agosto dahil sa malakas na piso, pagbaba sa presyo ng produktong petrolyo at mas murang bigas, karne at isda, ayon sa pagtaya ng Bangko Sentral ng Pilipinas (BSP).",
NAHIRAPAN sa kanyang pagsisimula ang Para wheelchair racer na si Jerrold Mangliwan bago tuluyang nabitin sa finals Biyernes ng gabi (Sabado ng umaga sa Maynila) para magtapos sa ikawalo at huli sa men’s 400-meter T52 race sa isang sub-par time na isang minuto at .04.55 segundo sa 17th Paris Paralympic Games sa punong Stade de France sa Paris.,
AI gagamitin na ng PAGASA sa taya ng panahon,
"Nakalabas na ng Philippine area of responsibility (PAR) ang bagyong Ferdie nitong Sabado ng madaling araw, Setyembre 14, ngunit patuloy nitong pinalalakas ang southwest monsoon o habagat, ayon sa Philippine Atmospheric, Geophysical and Astronomical Services Administration (PAGASA).",
Ginawang permanente ni Pangulong Ferdinand ‘Bongbong’ Marcos Jr. ang pagpapatupad ng electronic travel information system (eTravel) bilang official travel declaration mechanism ng Pilipinas sa mga international passenger at crew.,
"Cute na pagtataray ng 3-anyos na babae, kinagiliwan ng netizens",
"PUMASOK na sa Philippine Area of Responsibility (PAR) ang low pressure area (LPA) na namataan sa Mindanao, ayon sa Philippine Atmospheric, Geophysical and Astronomical Services Administration (Pagasa).",
4 na dayuhan arestado matapos makuhanan ng matataas na kalibre ng baril sa Makati,
"DOH, nagbabala vs. imported Mpox vaccines",
"Sandoval, nangu­nguna sa survey para Kongresista ng Malabon",
Nakasumbrero at may takip sa mukha nang iprisenta sa mga mamamahayag si Kingdom of Jesus Christ (KOJC) leader Pastor Apollo Quiboloy bilang detainee sa press conference na ginanap sa Camp Crame sa Quezon City nitong Lunes.,
Sinabi ng Philippine National Police (PNP) na may iba pang nagpakilalang biktima rin umano ni Kingdom of Jesus Christ (KOJC) leader Apollo Quiboloy ang lumapit at nagpatulong sa pulisya.,
ALAMIN: Listahan ng special non-working days sa iba't ibang lokalidad sa 'Pinas,
"Inihayag nitong Miyerkules ng mga grupo ng rice retailers na halos lahat ng palengke sa Metro Manila ay naglalako na ng P42 hanggang P45 kada kilo ng regular at well-milled rice dahil sa inisyatiba ng administrasyon ni Pangulong Ferdinand Marcos Jr., na babaan ang taripa ng bigas sa bansa sa 15 porsyento.",
"Nitong Huwebes, Setyembre 12, nang ianunsyo ni Marikina City 2nd District Representative Stella Quimbo ang rekomendasyon ng House Committee on Appropriations na bawasan ang panukalang budget ng Office of the Vice President (OVP) para sa 2025, mula ₱2.037 bilyon patungong ₱733.198 milyon.",
Arestado ang 28-anyos na suspek sa pamamaril sa dalawang magkapatid na impormante ng pulisya.,
"Quiboloy, nagpapa-'hospital arrest' sa Davao dahil may 'isang kaibigan' doon? -- Hontiveros",
"Dalawang low pressure area (LPA) sa loob at labas ng Philippine area of responsibility (PAR) ang namataan ng Philippine Atmospheric, Geophysical and Astronomical Services Administration (PAGASA) ngayong Linggo, Setyembre 15.",
"'Pabebe' na Pakistaning taxi driver sa Dubai, mahusay mag-Tagalog at natutuwa sa mga Pinoy",
NAGKASAGUTAN ang batikang mamamahayag na si Noli de Castro at ang legal counsel ng Kingdom of Jesus Christ (KOJC) at ni Pastor Apollo Quiboloy na si Atty. Israelito Torreon.,
Maraming fans ang nagulat sa kalalabas lang na kanta ni Josh Cullen of SB19.,
DALAWANG Low Pressure Area (LPA) ang kasalukuyang binabantayan sa labas ng Philippine Area of Responsibility (PAR).,
"60 PDL, 20 kawani ng BJMP San Mateo, Rizal sugatan sa kaguluhan sa kulungan",
Matinding pagbaha sa iba’t ibang lugar sa Pilipinas dulot ng bagyong Enteng,
Ikinagalak ng National Task Force to End Local Communist Armed Conflict (NTF-ELCAC) ang pangako ni House Speaker Ferdinand Martin Romualdez na popondohan ang mga barangay na nalinis na at napalaya sa kamay ng New People’s Army (NPA).,
Iminungkahi ng isang miyembro ng Kamara de Representantes na dagdagan ang pondo para sa supply ng Stored Value Cards (SVCs) o Beep cards para sa mga ,
Mismong miyembro rin ng Kingdom of Jesus Christ (KOJC) ang informant o nagturo ng kinaroroonan ng kanilang wanted na leader na si Pastor Apollo Quiboloy.,
"Sa isang recorded video interview, sinabi ni Vice President Sara Duterte na hindi siya ""bratinella"" o “spoiled brat,” at kailanman ay hindi niya rin inabuso ang kapangyarihan sa mga hinawakan niyang posisyon.",
"Bagyong 'Bebinca' nakapasok na ng PAR, tinawag nang 'Ferdie'",
"“Itong mga desperado, nag-iimbento na lang ng istorya para gumawa ng gulo.”",
HAWAK na ngayon ng mga awtoridad ang mga itinuturong suspek sa pagnanakaw sa bahay ng isang abogada sa Cotabato City kung saan tinatayang nasa P15 million na halaga ng pera at kagamitan ang kanilang nakulimbat.,
Sasagutin ng gobyerno ang mga bayarin sa mga pampublikong ospital ng mga pasyenteng naka- confine at sumasailalim sa gamutan.,
"SAN MATEO, Rizal - Animnapung persons deprived of liberty (PDL) at 20 kawani ng Bureau of Jail Management and Penology ang nagtamo ng minor injuries sa nangyaring kaguluhan sa loob ng kulungan sa San Mateo, Rizal nitong Biyernes ng hapon.",
Patay ang isang binatilyo sa Antipolo City matapos daw makipagsuntukan sa mga kapwa niya binatilyo.,
Palaisipan sa mga netizen ang balitang may special announcement na magaganap ngayong August 30 (Friday) episode ng ‘TV Patrol’.,
"Tumanggap ng iba’t ibang livelihood re-starter kits ang mga mangingisda ng Toledo, Cebu mula sa Therma Visayas, Inc. (TVI), isang subsidiary ng Aboitiz Power Corporation sa pakikipagtulungan sa lokal na pamahalaan ng naturang bayan upang makabangon mula sa pinsala sa kanilang kabuhayan ng nagdaang kalamidad.",
"Alice Guo ngiting-ngiti nang humarap sa media, tumangging magpa-interview",
"Nawawalang Fil-Am nurse sa Oregon, USA, natagpuang patay",
PATAY ang isang 35-year-old na babae matapos magkakomplikasyon sa panganganak sa bangketa sa Cebu City.,
"IBINAHAGI ni Shiela Guo kung paano sila nakaalis ng Pilipinas ng kapatid na si dismissed Bamban, Tarlac mayor Alice Guo.",
"PCO, kinumpirmang nag-perform ang Duran Duran sa party ni PBBM, pero 'regalo' lang ng 'old friends'",
NANDITO na sa Quezon City ang fugitive televangelist na si Apollo Quiboloy.,
"₱2.036B proposed budget ng OVP sa 2025, balak bawasan ng ₱1.29B!",
"Inirekomenda ng House Committee on Appropriations nitong Huwebes, Setyembre 12, na bigyan ng ₱733.198 milyong budget ang opisina ni Vice President Sara Duterte sa 2025, mahigit ₱1.29 bilyon ang kaltas mula sa ₱2.037 bilyong panukalang budget ng opisina.",
"Unang kaso ng mpox sa QC naitala, 15 contact ng pasyente binabantayan",
Kumakalat ang ilang posts na nagkukumpara kay Kingdom of Jesus Christ (KOJC) founder Pastor Apollo Quiboloy kay Jesus Christ dahil daw sa pagiging akusado ng una sa mga patong-patong na kaso.,
Kinagiliwan ng netizens ang isang madre na nakuhanan ng video habang nagmamando ng trapiko sa isang kalsada sa Vito Cruz sa Maynila.,
"""Ang nakakalungkot nga 'yung iba kaibigan mo pa.""",
"Zoo sa Vigan nag-sorry, netizens beast mode sa pananakit sa leon",
"Mag live-in partner na Vietnamese at dalawang Chinese national, arestado matapos makuhanan ng matataas na kalibre ng baril sa Makati City.",
"PAOCC Usec. Cruz, inaming may lumapit sa kaniya para tulungan si Alice Guo",
VP Sara sa mga magdo-donate ng budget sa OVP: Mananatili kaming tapat,
"Kinagiliwan ng netizens ang cute na pagtataray ng isang babaeng tatlong-taong-gulang sa Quezon City. Ang dahilan nito, alamin.",
Quiboloy yari sa extradition,
"Habang papalit ang September 9 ay lalo akong nae-excite sa bonggang pasabog ng Bilyonaryo News Channel, ha!",
Apollo Quiboloy at Sara Duterte,
"6 todas, 2 nawawala sa bagyong Ferdie, habagat",
"Ibabasura na ang kontrobersyal na “single period of confinement policy sa katapusan ng Setyembre 2024, gaya ng ipinangako ng PhilHealth sa katatapos na  on health public hearing noong Setyembre 10.",
Doppelganger ni Alice Guo pinapasali sa Kalokalike,
"Nanumpa bilang bagong kasapi ng partidong Lakas-Christian Muslim Democrats (Lakas-CMD) ang aktor na si Roi Vinzon, kasama ang ilang lokal na opisyal mula sa iba't ibang lalawigan. Ang Aksyon Demokratiko, may mga bago ring kakampi.",
"Kambal na ipinaampon naibalik sa ina, komadrona arestado",
"PBBM: ‘Kung maaari bago tayo matulog, alam na kung may pasok bukas o wala’",
Bday wish ni Pangulong Marcos: Maramdaman ng magsasaka mga programa ng gobyerno,
"Driver ng pickup truck na nakaranas umano ng mild stroke, nakabangga ng ilang sasakyan sa Pangasinan",
Sagradong tungkulin ng Kongreso ang pagbusisi sa budget,
ABOT-LANGIT ang pasasalamat ng isang ina nang muling makita ang kambal niyang anak na kanyang ipinaampon sa isang komadrona.,
"ANUMANG oras ngayong araw, September 13, inaasahang papasok ng ating bansa ang bagyo na may international name na Bebinca.",
PBBM kinasa e-travel system kontra mpox,
Arbitral Court bet mag-hearing sa PH,
Quimbo sa rekomendasyong tapyasan proposed budget ng OVP: 'Trabaho lang po!',
"BABALIK na ng Pilipinas ang dating mayor ng Bamban, Tarlac na si Alice Guo.",
"2 tauhan ng barangay na humirit ng ‘extra service’ sa 2 masahista, hinuli ng mga pulis",
MAGPAPATULOY ang maulang panahon sa bahagi ng Luzon.,
"Lalaki, huli sa panggagahasa ng 52-anyos na bedridden PWD",
Mas lumawak pa ang lamang ni ACT-CIS party­list Rep. Erwin Tulfo sa kanyang mga katunggali sa darating na 2025 midterm elections.,
Nag-isyu si Pangulong Ferdinand “Bongbong” Marcos Jr. ng mga proklamasyon na nagdedeklara ng “special non-working days” sa iba’t ibang mga lokalidad sa Pilipinas.,
Pangulong Marcos ‘very good’ sa pagtulong sa biktima ng kalamidad - SWS,
"Naharang ng Philippine Statistics Authority (PSA) ang nasa 1,500 birth registration ng mga Chinese national na may mga pekeng dokumento mula sa local civil registrar (LCR) ng Sta. Cruz, Davao del Sur.",
"Si Ricky Sandoval, dating kinatawan ng Malabon, ang nangunguna sa pinakabagong survey para sa darating na 2025 congressional elections.",
"VP Sara Duterte, 'di na sinipot ang budget hearing ng OVP sa Kamara",
AbanTV – Showbiz | ‘Sugar daddy’ issue ni Dominic Roque naungkat sa lipat-bahay,
"Top NPA leader, PUP student utas sa sagupaan sa Cagayan",
"Bam Aquino, may pa-sign-up sa BAYAG niya",
"Roi Vinzon, kabilang sa mga bagong kasapi ng Lakas-CMD; Aksyon, may mga bago ring miyembro",
"Dinakip ang isang 19-anyos na lalaki na inireklamo ng sextortion ng dati niyang live-in partner sa Angono, Rizal. Ang suspek, nakuhanan din ng improvised shotgun at drug paraphernalia.",
"Ginang, patay matapos pagtatagain umano ng kaniyang mister sa Cebu",
1902 magmatic eruption ng bulkang Kanlaon posibleng maulit?,
"Ruru Madrid, nangako na nga ba na pakakasalan si Bianca Umali?",
"Timbog ang tatlong lalaki dahil sa pambubugbog umano sa dalawa pang lalaki sa Barangay Olympia, Makati City. Depensa nila, ang mga biktima ang nag-umpisa ng away.",
"Mahigit 60 pamilya, nananatili pa rin sa evacuation center sa Antipolo City",
Ibinasura ng korte ang kahilingan ni Kingdom of Jesus Christ (KOJC) founder Pastor Apollo Quiboloy na ilipat siya sa kustodiya ng Armed Forces of the Philippines (AFP) mula sa Philippine National Police (PNP).,
